1,"BS-0001","BM-0001","PM0000037903"
2,"BS-0001","BM-0001","PM0000037904"
3,"BB-user1","BM-0001","PM0000037905"
4,"BS-0001","BM-0001","PM0000037906"
5,"BS-0001","BM-0001","PM0000037907"
6,"BS-0001","BM-0001","PM0000037908"
7,"BS-0001","BM-0001","PM0000037969"
8,"BS-0001","BM-0001","PM0000037910"
9,"BS-0001","BM-0001","PM0000037959"
10,"BB-user1","BM-0001","PM0000037912"
11,"BS-0001","BM-0001","PM0000037937"
12,"BS-0001","BM-0001","PM0000037986"
13,"BS-0001","BM-0001","PM0000037915"
14,"BS-0001","BM-0001","PM0000037988"
15,"BS-0001","BM-0001","PM0000037989"
16,"BS-0001","BM-0001","PM0000037918"
17,"BS-0001","BM-0001","PM0000037991"
18,"BS-0001","BM-0001","PM0000037992"
19,"BS-0001","BM-0001","PM0000037993"
20,"BS-0001","BM-0001","PM0000037994"
21,"BS-0001","BM-0001","PM0000037995"
22,"BS-0001","BM-0001","PM0000037924"
23,"BS-0001","BM-0001","PM0000037925"
24,"BS-0001","BM-0001","PM0000037974"
25,"BS-0001","BM-0001","PM0000037975"
26,"BS-0001","BM-0001","PM0000037951"
27,"BS-0001","BM-0001","PM0000037952"
28,"BS-0001","BM-0001","PM0000037930"
29,"BS-0001","BM-0001","PM0000037978"
30,"BS-0001","BM-0001","PM0000037955"
